lot_id,production_date,line,product_family,moisture_pct,bushel_weight,moisture_in_spec,bushel_weight_in_spec,exception_count,appears_in_001B,ftr_status,exception_reason
LOT-0045,2026-01-01,Line C,Formula A,9.02,34.6,True,True,0,No,FTR,None
LOT-0124,2026-01-01,Line C,Formula C,9.3,33.47,True,True,0,No,FTR,None
LOT-0049,2026-01-02,Line B,Formula C,9.13,32.67,True,True,0,No,FTR,None
LOT-0222,2026-01-02,Line C,Formula A,11.24,32.03,False,True,1,Yes,Non-FTR,Moisture
LOT-0123,2026-01-03,Line C,Formula B,9.02,31.500000000000004,True,True,0,No,FTR,None
LOT-0167,2026-01-03,Line C,Formula B,9.45,33.45,True,True,0,No,FTR,None
LOT-0156,2026-01-04,Line B,Formula A,8.38,32.43,False,True,1,Yes,Non-FTR,Moisture
LOT-0019,2026-01-08,Line C,Formula A,9.46,28.61,True,False,1,Yes,Non-FTR,Bushel Weight
LOT-0066,2026-01-08,Line A,Formula B,10.47,31.81,True,True,0,No,FTR,None
LOT-0086,2026-01-08,Line A,Formula A,10.33,30.21,True,True,0,No,FTR,None
LOT-0165,2026-01-08,Line B,Formula C,9.53,31.56,True,True,0,No,FTR,None
LOT-0166,2026-01-08,Line C,Formula A,9.12,33.05,True,True,0,No,FTR,None
LOT-0006,2026-01-09,Line A,Formula C,10.21,33.49,True,True,0,No,FTR,None
LOT-0218,2026-01-09,Line C,Formula B,9.34,33.38,True,True,0,No,FTR,None
LOT-0224,2026-01-09,Line B,Formula A,9.33,30.169999999999998,True,True,0,No,FTR,None
LOT-0125,2026-01-10,Line C,Formula C,9.9,34.06,True,True,0,No,FTR,None
LOT-0142,2026-01-10,Line A,Formula A,9.95,33.61,True,True,0,No,FTR,None
LOT-0083,2026-01-11,Line B,Formula A,10.03,30.88,True,True,0,No,FTR,None
LOT-0025,2026-01-12,Line A,Formula B,9.74,32.81,True,True,0,No,FTR,None
LOT-0081,2026-01-12,Line B,Formula B,10.15,32.83,True,True,0,No,FTR,None
LOT-0059,2026-01-13,Line C,Formula B,10.48,34.54,True,True,0,No,FTR,None
LOT-0084,2026-01-13,Line A,Formula C,10.02,32.4,True,True,0,No,FTR,None
LOT-0198,2026-01-16,Line C,Formula A,9.05,32.61,True,True,0,No,FTR,None
LOT-0185,2026-01-17,Line A,Formula A,10.23,33.43,True,True,0,No,FTR,None
LOT-0229,2026-01-17,Line B,Formula B,9.96,33.88,True,True,0,No,FTR,None
LOT-0097,2026-01-18,Line A,Formula B,9.25,34.67,True,True,0,No,FTR,None
LOT-0187,2026-01-18,Line C,Formula B,9.85,33.08,True,True,0,No,FTR,None
LOT-0119,2026-01-19,Line C,Formula B,10.46,33.51,True,True,0,No,FTR,None
LOT-0195,2026-01-19,Line C,Formula A,10.14,32.42,True,True,0,No,FTR,None
LOT-0052,2026-01-20,Line C,Formula B,9.66,32.68,True,True,0,No,FTR,None
LOT-0103,2026-01-20,Line B,Formula C,9.3,31.19,True,True,0,No,FTR,None
LOT-0016,2026-01-21,Line A,Formula C,9.65,35.230000000000004,True,True,0,No,FTR,None
LOT-0173,2026-01-21,Line C,Formula C,11.43,32.85,False,True,1,Yes,Non-FTR,Moisture
LOT-0189,2026-01-21,Line B,Formula B,9.92,33.41,True,True,0,No,FTR,None
LOT-0202,2026-01-21,Line B,Formula C,9.77,33.4,True,True,0,No,FTR,None
LOT-0020,2026-01-22,Line A,Formula A,10.26,33.64,True,True,0,No,FTR,None
LOT-0089,2026-01-22,Line B,Formula A,9.55,33.06,True,True,0,No,FTR,None
LOT-0139,2026-01-22,Line B,Formula B,10.09,32.69,True,True,0,No,FTR,None
LOT-0171,2026-01-22,Line C,Formula B,10.99,34.19,True,True,0,No,FTR,None
LOT-0239,2026-01-22,Line B,Formula C,8.71,34.37,True,True,0,No,FTR,None
LOT-0033,2026-01-23,Line C,Formula C,9.9,34.57,True,True,0,No,FTR,None
LOT-0076,2026-01-23,Line A,Formula C,9.94,32.85,True,True,0,No,FTR,None
LOT-0133,2026-01-24,Line A,Formula B,9.45,33.79,True,True,0,No,FTR,None
LOT-0217,2026-01-24,Line C,Formula B,9.34,34.43,True,True,0,No,FTR,None
LOT-0030,2026-01-25,Line C,Formula B,9.52,33.61,True,True,0,No,FTR,None
LOT-0140,2026-01-25,Line A,Formula A,11.1,33.82,False,True,1,Yes,Non-FTR,Moisture
LOT-0150,2026-01-25,Line A,Formula B,9.45,33.98,True,True,0,No,FTR,None
LOT-0175,2026-01-25,Line C,Formula B,8.87,33.98,True,True,0,No,FTR,None
LOT-0208,2026-01-25,Line B,Formula A,9.95,34.39,True,True,0,No,FTR,None
LOT-0220,2026-01-26,Line A,Formula C,9.27,31.99,True,True,0,No,FTR,None
LOT-0126,2026-01-27,Line B,Formula C,10.12,34.74,True,True,0,No,FTR,None
LOT-0174,2026-01-27,Line C,Formula A,10.27,31.56,True,True,0,No,FTR,None
LOT-0051,2026-01-28,Line B,Formula C,10.33,33.54,True,True,0,No,FTR,None
LOT-0137,2026-01-28,Line B,Formula B,9.16,33.52,True,True,0,No,FTR,None
LOT-0221,2026-01-28,Line C,Formula B,9.74,32.25,True,True,0,No,FTR,None
LOT-0004,2026-01-29,Line C,Formula A,9.81,33.56,True,True,0,No,FTR,None
LOT-0042,2026-01-29,Line C,Formula B,9.8,32.13,True,True,0,No,FTR,None
LOT-0056,2026-01-29,Line B,Formula C,10.32,31.58,True,True,0,No,FTR,None
LOT-0098,2026-01-29,Line B,Formula A,10.24,32.33,True,True,0,No,FTR,None
LOT-0144,2026-01-29,Line C,Formula A,8.290000000000001,32.86,False,True,1,Yes,Non-FTR,Moisture
LOT-0200,2026-01-29,Line B,Formula C,10.26,34.33,True,True,0,No,FTR,None
LOT-0193,2026-01-30,Line B,Formula A,9.83,33.84,True,True,0,No,FTR,None
LOT-0032,2026-01-31,Line B,Formula B,10.51,34.81,True,True,0,No,FTR,None
LOT-0060,2026-01-31,Line C,Formula A,9.47,32.75,True,True,0,No,FTR,None
LOT-0118,2026-01-31,Line B,Formula C,9.73,33.06,True,True,0,No,FTR,None
LOT-0170,2026-01-31,Line B,Formula C,9.23,32.22,True,True,0,No,FTR,None
LOT-0176,2026-02-02,Line B,Formula C,8.94,32.95,True,True,0,No,FTR,None
LOT-0092,2026-02-03,Line C,Formula C,9.23,33.03,True,True,0,No,FTR,None
LOT-0216,2026-02-03,Line A,Formula C,8.6,30.92,True,True,0,No,FTR,None
LOT-0029,2026-02-04,Line B,Formula C,10.28,33.13,True,True,0,No,FTR,None
LOT-0082,2026-02-04,Line B,Formula A,10.72,33.11,True,True,0,No,FTR,None
LOT-0149,2026-02-04,Line B,Formula B,9.4,31.3,True,True,0,No,FTR,None
LOT-0226,2026-02-04,Line A,Formula C,9.85,31.97,True,True,0,No,FTR,None
LOT-0037,2026-02-05,Line A,Formula B,11.1,35.87,False,True,1,Yes,Non-FTR,Moisture
LOT-0129,2026-02-05,Line A,Formula A,10.42,32.51,True,True,0,No,FTR,None
LOT-0188,2026-02-05,Line B,Formula B,9.86,32.84,True,True,0,No,FTR,None
LOT-0075,2026-02-06,Line C,Formula A,10.84,34.19,True,True,0,No,FTR,None
LOT-0090,2026-02-06,Line B,Formula A,10.21,32.88,True,True,0,No,FTR,None
LOT-0233,2026-02-06,Line A,Formula A,8.92,33.6,True,True,0,No,FTR,None
LOT-0186,2026-02-07,Line A,Formula C,9.93,33.29,True,True,0,No,FTR,None
LOT-0152,2026-02-08,Line B,Formula B,8.67,31.76,True,True,0,No,FTR,None
LOT-0153,2026-02-09,Line C,Formula A,10.15,34.32,True,True,0,No,FTR,None
LOT-0196,2026-02-09,Line C,Formula A,8.99,33.7,True,True,0,No,FTR,None
LOT-0038,2026-02-10,Line A,Formula A,10.12,33.34,True,True,0,No,FTR,None
LOT-0178,2026-02-10,Line C,Formula C,9.39,32.25,True,True,0,No,FTR,None
LOT-0024,2026-02-11,Line B,Formula C,10.45,37.81,True,False,1,Yes,Non-FTR,Bushel Weight
LOT-0232,2026-02-11,Line C,Formula C,9.63,34.72,True,True,0,No,FTR,None
LOT-0212,2026-02-12,Line B,Formula A,7.81,29.77,False,False,2,Yes,Non-FTR,Moisture + Bushel Weight
LOT-0007,2026-02-13,Line C,Formula B,10.1,32.88,True,True,0,No,FTR,None
LOT-0134,2026-02-13,Line B,Formula C,10.45,34.62,True,True,0,No,FTR,None
LOT-0155,2026-02-13,Line C,Formula B,9.7,34.0,True,True,0,No,FTR,None
LOT-0228,2026-02-14,Line A,Formula C,9.37,34.550000000000004,True,True,0,No,FTR,None
LOT-0005,2026-02-17,Line A,Formula B,9.58,30.830000000000002,True,True,0,No,FTR,None
LOT-0064,2026-02-17,Line C,Formula B,9.6,34.33,True,True,0,No,FTR,None
LOT-0131,2026-02-17,Line C,Formula C,10.07,31.63,True,True,0,No,FTR,None
LOT-0182,2026-02-17,Line C,Formula C,10.83,34.26,True,True,0,No,FTR,None
LOT-0219,2026-02-17,Line C,Formula C,9.63,31.57,True,True,0,No,FTR,None
LOT-0211,2026-02-18,Line C,Formula B,9.51,34.09,True,True,0,No,FTR,None
LOT-0073,2026-02-19,Line C,Formula B,9.85,33.12,True,True,0,No,FTR,None
LOT-0117,2026-02-20,Line A,Formula C,9.79,32.39,True,True,0,No,FTR,None
LOT-0143,2026-02-20,Line B,Formula A,9.0,31.41,True,True,0,No,FTR,None
LOT-0183,2026-02-20,Line C,Formula A,9.2,33.74,True,True,0,No,FTR,None
LOT-0130,2026-02-23,Line B,Formula A,9.42,33.29,True,True,0,No,FTR,None
LOT-0168,2026-02-24,Line B,Formula A,10.38,31.7,True,True,0,No,FTR,None
LOT-0225,2026-02-24,Line B,Formula B,9.73,30.76,True,True,0,No,FTR,None
LOT-0062,2026-02-25,Line A,Formula B,9.5,31.97,True,True,0,No,FTR,None
LOT-0080,2026-02-26,Line C,Formula C,10.35,33.65,True,True,0,No,FTR,None
LOT-0240,2026-02-26,Line B,Formula C,8.49,32.29,False,True,1,Yes,Non-FTR,Moisture
LOT-0039,2026-02-27,Line C,Formula B,9.75,32.78,True,True,0,No,FTR,None
LOT-0002,2026-02-28,Line A,Formula A,9.9,34.35,True,True,0,No,FTR,None
LOT-0011,2026-02-28,Line C,Formula C,9.74,30.63,True,True,0,No,FTR,None
LOT-0104,2026-02-28,Line B,Formula C,10.0,32.38,True,True,0,No,FTR,None
LOT-0145,2026-03-01,Line C,Formula B,9.8,31.96,True,True,0,No,FTR,None
LOT-0146,2026-03-01,Line B,Formula B,9.61,31.4,True,True,0,No,FTR,None
LOT-0022,2026-03-02,Line A,Formula B,9.58,32.199999999999996,True,True,0,No,FTR,None
LOT-0095,2026-03-03,Line A,Formula A,9.68,32.0,True,True,0,No,FTR,None
LOT-0116,2026-03-03,Line B,Formula B,9.33,34.01,True,True,0,No,FTR,None
LOT-0120,2026-03-03,Line B,Formula A,10.03,29.73,True,False,1,Yes,Non-FTR,Bushel Weight
LOT-0214,2026-03-03,Line B,Formula A,9.03,33.0,True,True,0,No,FTR,None
LOT-0028,2026-03-04,Line C,Formula C,9.75,33.46,True,True,0,No,FTR,None
LOT-0127,2026-03-04,Line C,Formula B,10.03,32.26,True,True,0,No,FTR,None
LOT-0159,2026-03-04,Line B,Formula A,10.24,31.54,True,True,0,No,FTR,None
LOT-0067,2026-03-05,Line B,Formula A,10.08,33.55,True,True,0,No,FTR,None
LOT-0169,2026-03-05,Line C,Formula A,9.79,33.56,True,True,0,No,FTR,None
LOT-0071,2026-03-06,Line A,Formula A,11.069999999999999,33.02,False,True,1,Yes,Non-FTR,Moisture
LOT-0012,2026-03-07,Line A,Formula B,9.41,34.5,True,True,0,No,FTR,None
LOT-0107,2026-03-07,Line B,Formula C,10.79,33.12,True,True,0,No,FTR,None
LOT-0121,2026-03-07,Line C,Formula C,9.96,33.92,True,True,0,No,FTR,None
LOT-0135,2026-03-07,Line C,Formula A,8.98,29.830000000000002,True,False,1,Yes,Non-FTR,Bushel Weight
LOT-0205,2026-03-07,Line B,Formula A,10.44,31.55,True,True,0,No,FTR,None
LOT-0003,2026-03-08,Line C,Formula A,9.66,32.05,True,True,0,No,FTR,None
LOT-0018,2026-03-08,Line C,Formula B,9.56,33.26,True,True,0,No,FTR,None
LOT-0034,2026-03-08,Line A,Formula C,9.95,33.99,True,True,0,No,FTR,None
LOT-0106,2026-03-09,Line C,Formula C,9.83,34.46,True,True,0,No,FTR,None
LOT-0237,2026-03-10,Line C,Formula A,9.11,32.42,True,True,0,No,FTR,None
LOT-0179,2026-03-11,Line A,Formula C,10.39,33.15,True,True,0,No,FTR,None
LOT-0215,2026-03-11,Line B,Formula B,9.77,35.62,True,True,0,No,FTR,None
LOT-0110,2026-03-13,Line A,Formula C,9.98,32.59,True,True,0,No,FTR,None
LOT-0099,2026-03-14,Line B,Formula A,9.77,32.19,True,True,0,No,FTR,None
LOT-0231,2026-03-14,Line B,Formula C,10.02,32.73,True,True,0,No,FTR,None
LOT-0058,2026-03-15,Line C,Formula A,9.44,31.76,True,True,0,No,FTR,None
LOT-0203,2026-03-15,Line A,Formula A,9.99,31.1,True,True,0,No,FTR,None
LOT-0078,2026-03-16,Line A,Formula B,9.94,32.29,True,True,0,No,FTR,None
LOT-0114,2026-03-16,Line C,Formula C,10.04,32.6,True,True,0,No,FTR,None
LOT-0230,2026-03-16,Line B,Formula A,8.79,32.39,True,True,0,No,FTR,None
LOT-0068,2026-03-17,Line B,Formula B,10.16,31.09,True,True,0,No,FTR,None
LOT-0164,2026-03-17,Line A,Formula B,9.43,34.02,True,True,0,No,FTR,None
LOT-0184,2026-03-17,Line C,Formula B,9.64,32.62,True,True,0,No,FTR,None
LOT-0209,2026-03-17,Line A,Formula C,10.1,34.37,True,True,0,No,FTR,None
LOT-0014,2026-03-18,Line A,Formula A,9.0,31.1,True,True,0,No,FTR,None
LOT-0158,2026-03-18,Line C,Formula B,11.15,30.74,False,True,1,Yes,Non-FTR,Moisture
LOT-0043,2026-03-21,Line A,Formula B,9.36,34.19,True,True,0,No,FTR,None
LOT-0161,2026-03-21,Line B,Formula A,9.39,33.48,True,True,0,No,FTR,None
LOT-0236,2026-03-21,Line B,Formula C,9.39,33.6,True,True,0,No,FTR,None
LOT-0015,2026-03-23,Line B,Formula A,7.9799999999999995,34.36,False,True,1,Yes,Non-FTR,Moisture
LOT-0070,2026-03-23,Line A,Formula A,9.42,31.17,True,True,0,No,FTR,None
LOT-0102,2026-03-23,Line B,Formula B,9.35,32.76,True,True,0,No,FTR,None
LOT-0162,2026-03-23,Line A,Formula A,9.78,32.96,True,True,0,No,FTR,None
LOT-0096,2026-03-25,Line A,Formula A,9.43,31.66,True,True,0,No,FTR,None
LOT-0115,2026-03-25,Line A,Formula C,9.52,30.74,True,True,0,No,FTR,None
LOT-0138,2026-03-25,Line B,Formula B,10.35,31.91,True,True,0,No,FTR,None
LOT-0199,2026-03-25,Line A,Formula A,9.08,34.4,True,True,0,No,FTR,None
LOT-0054,2026-03-26,Line A,Formula B,8.57,33.35,True,True,0,No,FTR,None
LOT-0008,2026-03-27,Line B,Formula C,9.71,33.13,True,True,0,No,FTR,None
LOT-0031,2026-03-27,Line A,Formula C,12.35,32.89,False,True,1,Yes,Non-FTR,Moisture
LOT-0074,2026-03-27,Line B,Formula A,10.1,34.39,True,True,0,No,FTR,None
LOT-0213,2026-03-27,Line A,Formula B,11.18,31.81,False,True,1,Yes,Non-FTR,Moisture
LOT-0210,2026-03-28,Line A,Formula C,9.41,35.0,True,True,0,No,FTR,None
LOT-0046,2026-03-29,Line C,Formula C,10.84,32.42,True,True,0,No,FTR,None
LOT-0077,2026-03-29,Line A,Formula A,9.81,31.85,True,True,0,No,FTR,None
LOT-0136,2026-03-29,Line A,Formula A,9.58,33.86,True,True,0,No,FTR,None
LOT-0223,2026-03-29,Line B,Formula B,9.63,31.18,True,True,0,No,FTR,None
LOT-0053,2026-03-30,Line C,Formula B,10.44,33.48,True,True,0,No,FTR,None
LOT-0061,2026-03-30,Line C,Formula A,12.069999999999999,33.02,False,True,1,Yes,Non-FTR,Moisture
LOT-0100,2026-03-30,Line B,Formula B,8.87,30.76,True,True,0,No,FTR,None
LOT-0041,2026-03-31,Line A,Formula C,9.85,31.49,True,True,0,No,FTR,None
LOT-0207,2026-03-31,Line A,Formula A,11.54,31.95,False,True,1,Yes,Non-FTR,Moisture
LOT-0009,2026-04-02,Line B,Formula A,9.16,31.59,True,True,0,No,FTR,None
LOT-0201,2026-04-02,Line B,Formula A,10.51,33.13,True,True,0,No,FTR,None
LOT-0094,2026-04-03,Line B,Formula C,10.0,33.9,True,True,0,No,FTR,None
LOT-0141,2026-04-03,Line C,Formula B,10.35,33.02,True,True,0,No,FTR,None
LOT-0093,2026-04-04,Line A,Formula C,7.77,34.64,False,True,1,Yes,Non-FTR,Moisture
LOT-0154,2026-04-04,Line A,Formula B,10.25,33.63,True,True,0,No,FTR,None
LOT-0180,2026-04-04,Line B,Formula A,10.03,34.15,True,True,0,No,FTR,None
LOT-0023,2026-04-05,Line A,Formula C,10.36,30.54,True,True,0,No,FTR,None
LOT-0088,2026-04-06,Line B,Formula A,10.64,32.14,True,True,0,No,FTR,None
LOT-0057,2026-04-07,Line B,Formula A,10.26,34.06,True,True,0,No,FTR,None
LOT-0147,2026-04-07,Line C,Formula A,10.36,33.13,True,True,0,No,FTR,None
LOT-0010,2026-04-08,Line A,Formula A,9.55,32.79,True,True,0,No,FTR,None
LOT-0101,2026-04-09,Line A,Formula A,10.91,35.03,True,True,0,No,FTR,None
LOT-0105,2026-04-09,Line A,Formula A,9.0,33.09,True,True,0,No,FTR,None
LOT-0148,2026-04-10,Line A,Formula B,9.57,32.62,True,True,0,No,FTR,None
LOT-0122,2026-04-11,Line A,Formula A,9.63,33.67,True,True,0,No,FTR,None
LOT-0190,2026-04-11,Line C,Formula C,10.17,34.2,True,True,0,No,FTR,None
LOT-0227,2026-04-11,Line B,Formula A,10.83,32.54,True,True,0,No,FTR,None
LOT-0238,2026-04-11,Line A,Formula C,9.2,33.41,True,True,0,No,FTR,None
LOT-0036,2026-04-12,Line B,Formula B,9.05,32.34,True,True,0,No,FTR,None
LOT-0197,2026-04-12,Line B,Formula B,8.77,32.79,True,True,0,No,FTR,None
LOT-0157,2026-04-13,Line C,Formula C,8.72,35.61,True,True,0,No,FTR,None
LOT-0001,2026-04-14,Line B,Formula C,10.91,33.1,True,True,0,No,FTR,None
LOT-0132,2026-04-14,Line A,Formula B,10.32,32.33,True,True,0,No,FTR,None
LOT-0177,2026-04-14,Line B,Formula C,9.83,29.890000000000004,True,False,1,Yes,Non-FTR,Bushel Weight
LOT-0151,2026-04-15,Line C,Formula B,9.18,30.9,True,True,0,No,FTR,None
LOT-0163,2026-04-15,Line A,Formula B,10.74,33.92,True,True,0,No,FTR,None
LOT-0072,2026-04-16,Line C,Formula B,8.56,32.7,True,True,0,No,FTR,None
LOT-0181,2026-04-16,Line C,Formula C,8.58,33.42,True,True,0,No,FTR,None
LOT-0111,2026-04-17,Line A,Formula A,9.6,30.390000000000004,True,True,0,No,FTR,None
LOT-0172,2026-04-17,Line B,Formula B,9.4,33.52,True,True,0,No,FTR,None
LOT-0234,2026-04-17,Line A,Formula B,10.42,35.22,True,True,0,No,FTR,None
LOT-0021,2026-04-18,Line A,Formula C,10.78,32.29,True,True,0,No,FTR,None
LOT-0040,2026-04-19,Line B,Formula C,10.36,33.28,True,True,0,No,FTR,None
LOT-0113,2026-04-19,Line A,Formula B,9.81,32.63,True,True,0,No,FTR,None
LOT-0206,2026-04-19,Line B,Formula A,9.47,30.82,True,True,0,No,FTR,None
LOT-0047,2026-04-20,Line C,Formula B,9.61,33.11,True,True,0,No,FTR,None
LOT-0044,2026-04-21,Line B,Formula A,9.020000000000001,32.08,True,True,0,No,FTR,None
LOT-0085,2026-04-21,Line A,Formula B,9.55,32.69,True,True,0,No,FTR,None
LOT-0194,2026-04-21,Line A,Formula B,10.39,34.54,True,True,0,No,FTR,None
LOT-0017,2026-04-22,Line C,Formula B,10.34,32.84,True,True,0,No,FTR,None
LOT-0035,2026-04-22,Line C,Formula A,9.69,33.8,True,True,0,No,FTR,None
LOT-0048,2026-04-22,Line A,Formula A,10.67,33.54,True,True,0,No,FTR,None
LOT-0108,2026-04-22,Line A,Formula B,9.93,31.88,True,True,0,No,FTR,None
LOT-0079,2026-04-23,Line A,Formula B,10.29,32.94,True,True,0,No,FTR,None
LOT-0091,2026-04-23,Line B,Formula A,9.91,30.48,True,True,0,No,FTR,None
LOT-0160,2026-04-23,Line A,Formula C,9.48,34.4,True,True,0,No,FTR,None
LOT-0013,2026-04-24,Line C,Formula C,10.89,32.99,True,True,0,No,FTR,None
LOT-0027,2026-04-24,Line C,Formula B,9.75,31.86,True,True,0,No,FTR,None
LOT-0050,2026-04-25,Line B,Formula A,9.83,33.73,True,True,0,No,FTR,None
LOT-0235,2026-04-25,Line C,Formula C,8.65,34.39,True,True,0,No,FTR,None
LOT-0026,2026-04-26,Line B,Formula C,9.3,33.87,True,True,0,No,FTR,None
LOT-0069,2026-04-26,Line A,Formula A,9.739999999999998,30.45,True,True,0,No,FTR,None
LOT-0109,2026-04-26,Line A,Formula A,9.83,30.820000000000004,True,True,0,No,FTR,None
LOT-0128,2026-04-26,Line C,Formula B,9.1,31.08,True,True,0,No,FTR,None
LOT-0065,2026-04-27,Line A,Formula C,10.53,35.24,True,True,0,No,FTR,None
LOT-0191,2026-04-27,Line A,Formula C,9.02,34.34,True,True,0,No,FTR,None
LOT-0192,2026-04-27,Line A,Formula C,10.03,31.69,True,True,0,No,FTR,None
LOT-0055,2026-04-30,Line B,Formula B,9.97,29.92,True,False,1,Yes,Non-FTR,Bushel Weight
LOT-0063,2026-04-30,Line B,Formula C,10.15,32.91,True,True,0,No,FTR,None
LOT-0087,2026-04-30,Line A,Formula C,9.71,31.62,True,True,0,No,FTR,None
LOT-0112,2026-04-30,Line A,Formula C,10.02,33.15,True,True,0,No,FTR,None
LOT-0204,2026-04-30,Line C,Formula C,8.59,30.38,True,True,0,No,FTR,None
